,0,1,2,3,4,5,6,7,8,9,10,11,12,13,14,15,16,17,18,19,20,21,22,23,24,25,26,27,28,29,30,31,32,33,34,35,36,37,38,39,40,41,42,43,44,45,46,47,48,49,50,51,52,53,54,55,56,57,58,59,60,61,62,63
39073,0.513,0.5418,0.5536,0.5589,0.5745,0.6329,0.6579,0.6636,0.5916,0.658,0.6726,0.6655,0.5335,0.5974,0.6266,0.6403,0.5865,0.5832,0.6602,0.6369,0.6039,0.6792,0.7072,0.6886,0.623,0.6848,0.7021,0.6821,0.6169,0.6209,0.6669,0.634,0.6906,0.6754,0.6955,0.6913,0.6875,0.7089,0.7106,0.7176,0.6911,0.7066,0.7106,0.7151,0.7037,0.7019,0.7079,0.7118,0.5879,0.605,0.6354,0.6355,0.6548,0.6774,0.6942,0.6873,0.6632,0.6907,0.7083,0.7009,0.633,0.6457,0.6676,0.665
39074,0.5243,0.5712,0.5732,0.5801,0.6135,0.6853,0.7003,0.7009,0.6212,0.6926,0.6937,0.6931,0.573,0.6559,0.6676,0.6774,0.5484,0.545,0.6369,0.604,0.5701,0.6458,0.6785,0.6631,0.5836,0.6516,0.6704,0.6572,0.5741,0.5868,0.6318,0.6068,0.6816,0.6693,0.6909,0.6867,0.6843,0.7138,0.718,0.7224,0.6843,0.7125,0.712,0.7231,0.7006,0.7128,0.7137,0.721,0.5632,0.5691,0.5941,0.5997,0.6366,0.6414,0.6659,0.657,0.6452,0.6553,0.6806,0.6749,0.6049,0.6039,0.6328,0.6292
39075,0.472,0.5192,0.5243,0.5328,0.5619,0.6333,0.6479,0.648,0.556,0.6395,0.6442,0.6401,0.5166,0.6145,0.6273,0.6351,0.6519,0.6432,0.7056,0.6876,0.6519,0.7185,0.7382,0.7205,0.6587,0.7215,0.7256,0.7125,0.6614,0.6864,0.7096,0.6891,0.6741,0.6332,0.6585,0.652,0.6963,0.6952,0.7005,0.6968,0.6954,0.6958,0.6969,0.6981,0.7008,0.6792,0.6889,0.6897,0.5748,0.5786,0.5948,0.5912,0.6207,0.6421,0.6568,0.6545,0.6451,0.6631,0.675,0.6706,0.6144,0.6229,0.6404,0.6368
39076,0.4147,0.4562,0.4651,0.4798,0.5296,0.6028,0.615,0.6084,0.5158,0.6007,0.6132,0.6062,0.4794,0.5766,0.5869,0.6039,0.6907,0.6252,0.6829,0.6737,0.7116,0.7123,0.7312,0.7163,0.7041,0.7275,0.7319,0.7189,0.7079,0.6838,0.7084,0.6832,0.6279,0.5708,0.592,0.5935,0.6867,0.6651,0.6748,0.6642,0.6849,0.6653,0.6772,0.6704,0.6827,0.6488,0.6576,0.654,0.5726,0.5277,0.5451,0.5371,0.6274,0.6268,0.6383,0.638,0.6414,0.6371,0.6496,0.6369,0.6115,0.5914,0.6096,0.6058
39077,0.385,0.4333,0.4376,0.4225,0.515,0.6099,0.6297,0.6039,0.5288,0.6257,0.6357,0.6122,0.4556,0.5698,0.5929,0.5846,0.674,0.5509,0.6164,0.6114,0.7084,0.6651,0.6942,0.6806,0.7038,0.699,0.7122,0.6967,0.7064,0.6305,0.6653,0.6397,0.6075,0.5578,0.5834,0.5832,0.6811,0.659,0.6691,0.6616,0.6785,0.6598,0.6704,0.6667,0.6714,0.6333,0.6442,0.6372,0.6263,0.5746,0.5942,0.5829,0.6814,0.6656,0.6754,0.6655,0.6969,0.6977,0.7001,0.6878,0.6674,0.6488,0.6645,0.6502
39078,0.4584,0.4549,0.4581,0.4751,0.6068,0.6436,0.6682,0.6519,0.6242,0.6757,0.6909,0.6678,0.5487,0.6033,0.6303,0.6233,0.6129,0.5114,0.5944,0.5752,0.6663,0.6337,0.6724,0.6511,0.6632,0.6584,0.6924,0.6685,0.6481,0.5708,0.6253,0.597,0.6618,0.5982,0.6276,0.6227,0.7132,0.6875,0.6971,0.6964,0.7177,0.6954,0.7043,0.7017,0.7151,0.6643,0.6697,0.6711,0.5694,0.4922,0.523,0.516,0.6218,0.5769,0.6044,0.5962,0.6436,0.6264,0.6517,0.6329,0.6009,0.5642,0.5935,0.575
39079,0.5191,0.5381,0.5412,0.5501,0.6415,0.6863,0.7053,0.6914,0.6563,0.7048,0.7116,0.7011,0.6079,0.6737,0.6841,0.6793,0.5762,0.5491,0.6338,0.6124,0.6155,0.6651,0.6968,0.6824,0.6127,0.6708,0.6975,0.6829,0.601,0.5949,0.6479,0.6241,0.6726,0.6297,0.657,0.6517,0.6999,0.7064,0.7117,0.7124,0.7038,0.7079,0.7102,0.7141,0.7137,0.689,0.697,0.7008,0.5383,0.4875,0.5159,0.5094,0.5823,0.5602,0.584,0.5827,0.6058,0.6038,0.6316,0.6221,0.5619,0.5397,0.5697,0.5559
39080,0.4961,0.5387,0.5516,0.5648,0.5986,0.6461,0.6663,0.6626,0.6138,0.6647,0.6759,0.6692,0.6058,0.6727,0.6744,0.6809,0.5997,0.6199,0.6785,0.6685,0.6227,0.7148,0.7362,0.7238,0.632,0.7295,0.742,0.7284,0.6304,0.6861,0.7115,0.6945,0.6461,0.5989,0.6261,0.6206,0.6912,0.6777,0.6891,0.6865,0.6932,0.6877,0.6967,0.6949,0.7026,0.6686,0.6767,0.6778,0.5279,0.5025,0.5222,0.5176,0.5645,0.5915,0.6056,0.6068,0.5983,0.6233,0.6398,0.6359,0.5532,0.5608,0.5846,0.5747
39081,0.5109,0.4906,0.4916,0.5301,0.5838,0.6318,0.6352,0.6509,0.6131,0.6658,0.6612,0.6725,0.5627,0.6082,0.6105,0.6372,0.6139,0.5875,0.6607,0.6427,0.6465,0.6918,0.7191,0.7029,0.6396,0.7086,0.7241,0.7068,0.6448,0.6539,0.6917,0.6696,0.691,0.6714,0.6961,0.6852,0.704,0.724,0.7288,0.7303,0.7049,0.7339,0.732,0.7348,0.706,0.7159,0.713,0.7165,0.5514,0.5773,0.585,0.5947,0.5959,0.6512,0.6534,0.653,0.6183,0.6725,0.674,0.6784,0.5901,0.6227,0.6302,0.6354
39082,0.5169,0.5367,0.5376,0.5698,0.5546,0.6034,0.6136,0.6337,0.5648,0.616,0.6176,0.6282,0.567,0.6203,0.6153,0.6452,0.6066,0.6774,0.7116,0.7046,0.5866,0.7365,0.7368,0.7333,0.5917,0.736,0.7363,0.724,0.6039,0.7211,0.7229,0.7154,0.6651,0.6424,0.6691,0.656,0.6703,0.69,0.6954,0.6904,0.6735,0.6987,0.6984,0.6971,0.6815,0.6835,0.6836,0.6811,0.5203,0.5835,0.5884,0.5965,0.5495,0.6505,0.6522,0.6596,0.5861,0.6724,0.6704,0.6781,0.5554,0.6217,0.6253,0.6346
39083,0.4635,0.4969,0.5166,0.4898,0.5644,0.622,0.6422,0.6244,0.5819,0.637,0.6511,0.6284,0.5291,0.5955,0.6228,0.609,0.6545,0.6001,0.658,0.6488,0.6552,0.6875,0.7081,0.6932,0.6498,0.7039,0.7102,0.6962,0.6631,0.6567,0.6789,0.6601,0.6604,0.6228,0.6509,0.6392,0.6766,0.6761,0.6828,0.6767,0.6789,0.6857,0.6905,0.6855,0.6784,0.6581,0.6583,0.657,0.6418,0.6529,0.6697,0.6649,0.6578,0.6897,0.7043,0.698,0.679,0.7229,0.7246,0.7212,0.6597,0.6881,0.6968,0.6889
39084,0.4531,0.5188,0.5441,0.5145,0.5478,0.6018,0.6331,0.6174,0.5652,0.6114,0.626,0.6127,0.5197,0.5906,0.6195,0.5975,0.6442,0.6089,0.6592,0.6419,0.6293,0.684,0.6972,0.6889,0.6265,0.6897,0.6951,0.6724,0.6397,0.6504,0.6691,0.645,0.6594,0.6301,0.6603,0.6441,0.6533,0.6701,0.6696,0.6712,0.6497,0.6734,0.6672,0.6696,0.6537,0.6448,0.6435,0.6431,0.6485,0.7003,0.7137,0.7139,0.6464,0.717,0.7259,0.7235,0.6692,0.7419,0.7335,0.7353,0.6576,0.7104,0.7119,0.7087
39085,0.4612,0.5522,0.5685,0.5353,0.5624,0.6219,0.6563,0.641,0.5721,0.617,0.6321,0.6215,0.5444,0.6229,0.6461,0.6305,0.6264,0.6107,0.644,0.6357,0.6368,0.6864,0.6988,0.6914,0.6269,0.6953,0.6978,0.679,0.6467,0.6529,0.672,0.649,0.6528,0.63,0.6544,0.6416,0.6583,0.6784,0.6808,0.6799,0.6454,0.6741,0.6717,0.6749,0.6588,0.652,0.6532,0.6517,0.6587,0.6981,0.7156,0.7135,0.6673,0.7311,0.7385,0.7327,0.6832,0.7521,0.7498,0.7431,0.6756,0.724,0.7294,0.7254
39086,0.4816,0.5188,0.5201,0.5166,0.5626,0.6066,0.6307,0.637,0.5733,0.6152,0.6385,0.6237,0.5226,0.5703,0.5941,0.6032,0.6382,0.5898,0.6341,0.6148,0.6536,0.6697,0.692,0.6801,0.6413,0.6797,0.6953,0.6718,0.6601,0.6323,0.6606,0.636,0.6745,0.6707,0.693,0.6823,0.6772,0.7075,0.7187,0.7168,0.654,0.7007,0.7005,0.6971,0.6697,0.6816,0.6908,0.6793,0.6268,0.6949,0.7041,0.7113,0.6612,0.7237,0.7273,0.7222,0.6629,0.7357,0.7342,0.7258,0.6506,0.7025,0.7069,0.7029
39087,0.5379,0.6012,0.5921,0.606,0.5829,0.6321,0.6563,0.6589,0.5913,0.6349,0.6574,0.6453,0.5611,0.6186,0.6369,0.646,0.6034,0.6337,0.6839,0.6636,0.6194,0.6911,0.7055,0.6957,0.6011,0.6953,0.6939,0.68,0.6223,0.653,0.6747,0.6539,0.6679,0.683,0.7055,0.699,0.6702,0.7196,0.7237,0.7266,0.6521,0.7128,0.7031,0.7082,0.6776,0.7093,0.7087,0.7085,0.6133,0.6622,0.6717,0.6799,0.6538,0.6826,0.6985,0.6902,0.6694,0.7116,0.7196,0.7174,0.6546,0.6703,0.6842,0.6788
39088,0.5716,0.6127,0.5978,0.6063,0.6322,0.677,0.6988,0.6965,0.6401,0.6855,0.6983,0.6912,0.6379,0.6741,0.6831,0.6852,0.5439,0.5889,0.6467,0.6315,0.5742,0.6677,0.6858,0.6778,0.5601,0.6736,0.6799,0.6691,0.5598,0.6075,0.6401,0.6202,0.6378,0.6441,0.6691,0.6618,0.6561,0.7166,0.7271,0.7297,0.6553,0.7202,0.7158,0.7236,0.6746,0.7103,0.7143,0.7209,0.5252,0.5307,0.5672,0.5626,0.547,0.5428,0.5771,0.5717,0.5761,0.5964,0.6372,0.6288,0.5369,0.539,0.5805,0.5595
39089,0.5534,0.6155,0.6138,0.6102,0.5942,0.6444,0.6785,0.6683,0.5968,0.6353,0.659,0.6458,0.6133,0.6471,0.6682,0.6602,0.5703,0.6307,0.6669,0.6521,0.5871,0.6856,0.6924,0.6827,0.5758,0.6834,0.6833,0.6688,0.5826,0.6372,0.6591,0.6383,0.6324,0.6571,0.6743,0.6641,0.6351,0.7115,0.7144,0.7152,0.6215,0.7015,0.6935,0.6986,0.6481,0.6958,0.6938,0.6968,0.6015,0.6551,0.6764,0.6713,0.6302,0.673,0.6907,0.6832,0.6596,0.7069,0.7202,0.712,0.636,0.6601,0.6837,0.6724
39090,0.4607,0.5325,0.5138,0.5345,0.5823,0.6328,0.6521,0.6503,0.5942,0.6445,0.6615,0.6513,0.5541,0.6373,0.6488,0.6511,0.6534,0.6251,0.6552,0.649,0.686,0.6915,0.6983,0.6866,0.6804,0.7109,0.72,0.6991,0.6788,0.6578,0.6762,0.652,0.603,0.5621,0.5771,0.5723,0.6809,0.687,0.6982,0.6848,0.6785,0.6977,0.697,0.6961,0.6809,0.6653,0.6741,0.6656,0.5986,0.5784,0.6,0.589,0.625,0.6386,0.6488,0.6451,0.6589,0.6796,0.6952,0.688,0.6312,0.6278,0.6484,0.6372
39091,0.5021,0.5724,0.5629,0.5693,0.6208,0.6627,0.6883,0.6858,0.6328,0.6772,0.6929,0.684,0.5836,0.6645,0.6791,0.6805,0.6149,0.6225,0.6674,0.6475,0.6414,0.6898,0.7028,0.6933,0.6395,0.6981,0.704,0.6906,0.6313,0.6466,0.6725,0.6472,0.6497,0.6184,0.6374,0.6208,0.6936,0.713,0.7242,0.7188,0.6873,0.7168,0.7172,0.7179,0.6946,0.6982,0.7081,0.6979,0.568,0.5523,0.5837,0.5669,0.603,0.6029,0.6275,0.614,0.6307,0.6487,0.6732,0.6632,0.6004,0.5904,0.6211,0.6031
39092,0.4889,0.5721,0.5614,0.5732,0.5943,0.6341,0.6543,0.66,0.6118,0.6475,0.6576,0.659,0.6043,0.6748,0.6767,0.6874,0.6197,0.6514,0.6995,0.6816,0.6323,0.7215,0.7358,0.7314,0.6318,0.7249,0.7284,0.7192,0.6367,0.6917,0.7094,0.6942,0.6089,0.5629,0.5856,0.5693,0.6734,0.6818,0.7017,0.6779,0.6744,0.6916,0.6982,0.6879,0.6832,0.6704,0.6876,0.6685,0.5635,0.5413,0.5765,0.561,0.6086,0.6285,0.648,0.6401,0.6368,0.6593,0.6771,0.674,0.6009,0.5987,0.6343,0.6177
39093,0.4238,0.4213,0.3872,0.4383,0.5343,0.5785,0.5665,0.6069,0.5744,0.6288,0.6326,0.6445,0.482,0.5375,0.5289,0.5813,0.656,0.5852,0.6364,0.6144,0.6956,0.6626,0.6899,0.6706,0.6826,0.6797,0.7068,0.6792,0.6812,0.6114,0.6532,0.6208,0.6577,0.6147,0.6398,0.6203,0.7183,0.7192,0.7383,0.7207,0.7115,0.7254,0.7326,0.731,0.7165,0.707,0.7245,0.7055,0.6038,0.6,0.6136,0.6168,0.663,0.6588,0.6682,0.6651,0.666,0.6885,0.6974,0.6968,0.6407,0.6369,0.6489,0.6539
39094,0.4659,0.5161,0.5185,0.5144,0.5653,0.6153,0.643,0.6434,0.5838,0.6287,0.6518,0.6391,0.5189,0.584,0.605,0.6141,0.65,0.6114,0.6504,0.6373,0.6681,0.6803,0.701,0.6844,0.6637,0.684,0.7019,0.6789,0.6631,0.6322,0.6623,0.6362,0.6621,0.6333,0.6559,0.6369,0.6969,0.7086,0.7239,0.7152,0.6831,0.7098,0.709,0.7076,0.6924,0.6887,0.6973,0.6879,0.6361,0.6805,0.6953,0.6934,0.6789,0.7148,0.7217,0.7197,0.6835,0.7333,0.7381,0.7303,0.6705,0.695,0.7088,0.7021
39095,0.493,0.5519,0.5508,0.5531,0.5795,0.6328,0.6547,0.6542,0.594,0.6367,0.6498,0.6477,0.5673,0.6395,0.6475,0.6556,0.6524,0.6533,0.695,0.6839,0.6526,0.7215,0.7319,0.7253,0.6456,0.7204,0.7215,0.7083,0.6558,0.6849,0.704,0.6854,0.6205,0.575,0.6045,0.5837,0.6787,0.6844,0.7034,0.6776,0.6771,0.6928,0.6982,0.6904,0.6867,0.6707,0.6823,0.6676,0.6088,0.6407,0.6578,0.6542,0.6452,0.6914,0.7022,0.7056,0.6658,0.7194,0.7254,0.7273,0.6535,0.6846,0.6977,0.6965
39096,0.4849,0.5505,0.5546,0.5582,0.5338,0.5862,0.6105,0.6142,0.542,0.587,0.6001,0.5968,0.5538,0.6253,0.6288,0.6437,0.6266,0.6992,0.7255,0.7211,0.5924,0.743,0.7423,0.7455,0.597,0.7234,0.7178,0.7121,0.6116,0.7235,0.7202,0.7183,0.5989,0.5533,0.5834,0.5573,0.6589,0.664,0.6843,0.6514,0.6597,0.6729,0.6784,0.6644,0.6696,0.6543,0.6678,0.6497,0.5781,0.613,0.6293,0.6256,0.5987,0.6648,0.6765,0.6798,0.634,0.6886,0.6982,0.7042,0.6171,0.6495,0.671,0.6683
39097,0.5294,0.5931,0.5794,0.5916,0.604,0.6577,0.6773,0.677,0.6317,0.6767,0.6874,0.6833,0.6129,0.6865,0.6879,0.6963,0.593,0.6532,0.7023,0.695,0.5851,0.7109,0.7233,0.7287,0.5974,0.7131,0.7099,0.7076,0.5982,0.6826,0.6967,0.6917,0.6189,0.5705,0.6017,0.5829,0.6798,0.6871,0.7082,0.6895,0.6931,0.7035,0.7101,0.7129,0.6927,0.6865,0.7003,0.6932,0.5618,0.578,0.6073,0.5994,0.6035,0.6245,0.6555,0.652,0.6245,0.6621,0.6911,0.6907,0.5991,0.6092,0.6449,0.635
39098,0.4983,0.5076,0.4741,0.5161,0.5638,0.6253,0.6268,0.646,0.5868,0.6469,0.6505,0.654,0.5422,0.606,0.6027,0.6313,0.6088,0.6245,0.6846,0.6736,0.6201,0.7043,0.7255,0.727,0.6188,0.706,0.7116,0.7,0.6237,0.6683,0.6901,0.6811,0.6685,0.6365,0.6605,0.6501,0.6959,0.7218,0.7389,0.7337,0.7038,0.7345,0.7356,0.7422,0.7021,0.7246,0.7331,0.7343,0.577,0.6353,0.645,0.6613,0.6339,0.6748,0.693,0.693,0.6348,0.6893,0.7024,0.7121,0.6282,0.6546,0.6664,0.6782
39099,0.5069,0.5716,0.5518,0.5633,0.5881,0.6486,0.6677,0.6713,0.6021,0.6488,0.6623,0.6532,0.5664,0.6389,0.6459,0.6541,0.605,0.6111,0.6619,0.6544,0.6188,0.6936,0.7129,0.7154,0.6171,0.7031,0.7041,0.6957,0.6234,0.6584,0.6806,0.6679,0.6394,0.6125,0.6425,0.6255,0.6908,0.7134,0.7272,0.7216,0.6898,0.725,0.7235,0.7297,0.6911,0.7025,0.7127,0.7117,0.6096,0.6641,0.6841,0.6963,0.6623,0.7068,0.7249,0.7258,0.6616,0.7282,0.7355,0.7398,0.6587,0.7002,0.7136,0.7184
39100,0.561,0.629,0.6238,0.6348,0.5906,0.6446,0.6701,0.6679,0.6014,0.6499,0.6676,0.6517,0.5783,0.6506,0.6579,0.6604,0.5608,0.6154,0.6693,0.6627,0.5694,0.6685,0.6909,0.6924,0.5665,0.6702,0.6731,0.6676,0.5669,0.6254,0.6497,0.6413,0.6384,0.6119,0.64,0.6332,0.6633,0.6868,0.7046,0.7021,0.6735,0.7048,0.7065,0.7152,0.6747,0.6883,0.7005,0.7076,0.5745,0.6039,0.6292,0.636,0.6253,0.6356,0.668,0.6648,0.6414,0.6703,0.6946,0.6983,0.6207,0.6203,0.6531,0.6497
39101,0.5832,0.6245,0.6179,0.6189,0.6159,0.6587,0.6773,0.6699,0.6335,0.6829,0.6945,0.672,0.6062,0.6534,0.6612,0.6596,0.5219,0.5927,0.6589,0.6508,0.5435,0.6451,0.6789,0.6763,0.5335,0.6521,0.6677,0.6602,0.5232,0.5856,0.6255,0.6172,0.6142,0.595,0.6236,0.6205,0.641,0.6762,0.6972,0.6969,0.6601,0.7034,0.7084,0.7188,0.6585,0.6811,0.6988,0.7079,0.4803,0.5045,0.5426,0.5281,0.4972,0.4952,0.5328,0.5217,0.5256,0.5579,0.5965,0.5891,0.4874,0.5031,0.5452,0.5221
39102,0.5704,0.6304,0.6403,0.6283,0.6113,0.6585,0.6941,0.6779,0.6272,0.6649,0.6811,0.6671,0.6229,0.6606,0.6727,0.67,0.5262,0.607,0.6601,0.6554,0.548,0.6712,0.6918,0.6915,0.548,0.675,0.681,0.6756,0.5409,0.6239,0.6474,0.6363,0.5914,0.5899,0.6108,0.6022,0.6377,0.6868,0.6989,0.6964,0.6505,0.7052,0.7084,0.7162,0.6517,0.6855,0.6967,0.6985,0.5614,0.6349,0.6556,0.6568,0.6187,0.6618,0.6833,0.6808,0.6387,0.6986,0.714,0.7093,0.6093,0.6492,0.6736,0.6644
39103,0.566,0.604,0.5861,0.604,0.5826,0.6236,0.6449,0.6422,0.5996,0.6398,0.6576,0.6439,0.5792,0.607,0.6257,0.6276,0.5426,0.6174,0.6694,0.6653,0.5783,0.6769,0.7055,0.7037,0.5779,0.686,0.7007,0.6892,0.5858,0.6385,0.6678,0.656,0.618,0.6306,0.6513,0.6497,0.6567,0.7121,0.7295,0.7287,0.6652,0.7307,0.733,0.7412,0.6743,0.7137,0.7259,0.7323,0.5545,0.6498,0.6558,0.6655,0.6173,0.6769,0.6858,0.6821,0.628,0.6933,0.7035,0.7031,0.615,0.6602,0.6711,0.6712
39104,0.4827,0.4484,0.4227,0.4738,0.5114,0.5436,0.5498,0.5739,0.5515,0.5947,0.6063,0.6074,0.469,0.4977,0.5075,0.5383,0.6101,0.5964,0.6587,0.6404,0.6419,0.656,0.6895,0.6721,0.6586,0.6648,0.6944,0.6681,0.653,0.6095,0.649,0.6185,0.6576,0.6328,0.6499,0.6474,0.7046,0.7169,0.7345,0.7313,0.7168,0.7398,0.7474,0.7538,0.7252,0.724,0.7374,0.7405,0.5837,0.6298,0.6328,0.6356,0.6344,0.6512,0.6601,0.6453,0.6345,0.6729,0.6742,0.6694,0.6238,0.6332,0.6426,0.6403
39105,0.4826,0.4439,0.4219,0.4818,0.5018,0.5361,0.5434,0.5715,0.5352,0.5817,0.5892,0.5989,0.4733,0.4961,0.5105,0.5426,0.6048,0.5998,0.6686,0.6494,0.6318,0.6596,0.6994,0.6842,0.6383,0.6692,0.6957,0.6718,0.6399,0.6187,0.6625,0.6395,0.6762,0.6668,0.6826,0.6818,0.6911,0.7304,0.7397,0.7393,0.6991,0.7508,0.7454,0.7552,0.7094,0.7459,0.746,0.7575,0.5551,0.6316,0.6356,0.6388,0.6118,0.6432,0.6546,0.6477,0.611,0.6625,0.6645,0.6676,0.6063,0.6329,0.6406,0.6413
39106,0.5331,0.5568,0.5379,0.5761,0.5367,0.5938,0.5963,0.611,0.5685,0.6215,0.6246,0.6284,0.5508,0.6085,0.6007,0.621,0.5903,0.666,0.71,0.7022,0.617,0.7094,0.7361,0.7299,0.625,0.7285,0.7414,0.7258,0.6375,0.7026,0.7264,0.7105,0.6231,0.6091,0.636,0.6256,0.6802,0.706,0.7255,0.7137,0.6871,0.7306,0.7368,0.7362,0.7009,0.7255,0.7363,0.734,0.5635,0.6516,0.6563,0.6607,0.623,0.6813,0.6936,0.692,0.633,0.713,0.7106,0.7162,0.6325,0.6891,0.6912,0.6936
39107,0.5125,0.5166,0.4902,0.5417,0.5263,0.5714,0.5721,0.6006,0.563,0.6162,0.6111,0.6217,0.5193,0.5675,0.5602,0.5926,0.5922,0.6349,0.6894,0.6743,0.6268,0.6867,0.7197,0.711,0.6534,0.7019,0.7267,0.7075,0.651,0.6706,0.701,0.6866,0.6527,0.6401,0.6614,0.6558,0.6939,0.7272,0.7422,0.7335,0.7012,0.746,0.751,0.7523,0.7035,0.7433,0.7474,0.7515,0.5566,0.6459,0.6448,0.651,0.6159,0.668,0.6758,0.6774,0.623,0.689,0.6891,0.6922,0.617,0.6652,0.6643,0.6726
39108,0.557,0.6168,0.6018,0.6072,0.5718,0.6276,0.6473,0.642,0.6005,0.6432,0.6545,0.6426,0.5812,0.6334,0.6402,0.6363,0.5771,0.6292,0.6761,0.6698,0.6055,0.6924,0.7161,0.71,0.6299,0.7083,0.7244,0.7124,0.6304,0.6796,0.7039,0.6903,0.6376,0.6396,0.6555,0.6485,0.6839,0.7224,0.7366,0.7272,0.686,0.738,0.7405,0.7439,0.6916,0.7329,0.739,0.7365,0.6004,0.6909,0.6877,0.6904,0.6444,0.7132,0.7153,0.7174,0.6574,0.7344,0.728,0.732,0.6521,0.72,0.7165,0.7217
39109,0.5346,0.562,0.5322,0.5715,0.5494,0.592,0.602,0.6134,0.5732,0.6135,0.6226,0.6163,0.5398,0.5798,0.5863,0.5936,0.5929,0.6267,0.6747,0.6592,0.6083,0.6813,0.7105,0.7037,0.6285,0.6876,0.7126,0.6903,0.6263,0.6636,0.6919,0.6692,0.6756,0.7123,0.7164,0.7147,0.6772,0.727,0.7399,0.7369,0.673,0.7351,0.7337,0.7356,0.6795,0.7347,0.7364,0.7376,0.5757,0.6826,0.6777,0.6833,0.6226,0.7019,0.7022,0.7035,0.6264,0.7082,0.7063,0.7067,0.6242,0.6957,0.6959,0.6983
39110,0.5147,0.5197,0.5063,0.5525,0.5342,0.5716,0.5813,0.5932,0.5519,0.5949,0.603,0.597,0.523,0.55,0.5643,0.5735,0.593,0.6231,0.6727,0.6525,0.6024,0.6806,0.7093,0.7015,0.6144,0.6795,0.7006,0.6812,0.6179,0.6591,0.6875,0.6652,0.67,0.7363,0.742,0.7389,0.6529,0.729,0.7326,0.7362,0.6471,0.7285,0.7132,0.7165,0.6468,0.733,0.7223,0.7256,0.5506,0.6726,0.6705,0.6726,0.5998,0.6859,0.6866,0.6895,0.6011,0.6872,0.6866,0.6886,0.5999,0.6806,0.6806,0.6834
39111,0.5406,0.587,0.5756,0.6105,0.5211,0.5801,0.5885,0.6018,0.5503,0.6027,0.6085,0.6026,0.5534,0.6064,0.6036,0.6204,0.5798,0.6602,0.704,0.6937,0.5845,0.7114,0.7382,0.7313,0.6048,0.7191,0.7376,0.7213,0.6081,0.7133,0.7335,0.7201,0.6599,0.6903,0.7064,0.6895,0.6712,0.7193,0.7262,0.7134,0.663,0.7179,0.7156,0.7101,0.6652,0.724,0.7187,0.7128,0.5602,0.6736,0.6681,0.6714,0.6045,0.7035,0.7051,0.7047,0.6175,0.7168,0.709,0.7164,0.6125,0.7021,0.6969,0.7015
39112,0.4686,0.4371,0.4133,0.4758,0.5012,0.5374,0.5398,0.5793,0.5401,0.5943,0.5983,0.6134,0.4771,0.5214,0.5215,0.5644,0.6279,0.5923,0.6529,0.64,0.6505,0.6621,0.7054,0.6869,0.6875,0.677,0.717,0.6911,0.68,0.6384,0.6868,0.6593,0.7025,0.6781,0.6962,0.6866,0.7215,0.729,0.7427,0.728,0.7247,0.7323,0.7426,0.7397,0.7237,0.7329,0.7419,0.7328,0.5845,0.6423,0.6364,0.6359,0.6357,0.6777,0.6757,0.677,0.6423,0.6928,0.689,0.6894,0.6232,0.6755,0.6707,0.6771
39113,0.4982,0.5107,0.5015,0.54,0.5278,0.5771,0.5802,0.6046,0.5706,0.6308,0.635,0.6374,0.5397,0.5981,0.5922,0.6235,0.6214,0.6178,0.6751,0.663,0.6418,0.6849,0.7231,0.7065,0.6838,0.7118,0.7456,0.7242,0.6817,0.6846,0.7268,0.7015,0.6624,0.6304,0.6584,0.6371,0.7003,0.6912,0.7095,0.6859,0.7066,0.703,0.7146,0.7011,0.7046,0.6991,0.7079,0.6961,0.5836,0.6437,0.6392,0.6337,0.6315,0.6907,0.6874,0.6903,0.6486,0.7164,0.7077,0.7087,0.6374,0.6948,0.6899,0.6929
39114,0.5344,0.5821,0.5967,0.5944,0.5538,0.6097,0.6394,0.6305,0.5957,0.6447,0.6641,0.6482,0.5748,0.6363,0.6539,0.6537,0.6016,0.6154,0.662,0.6536,0.6185,0.6873,0.7181,0.6995,0.6611,0.7037,0.7355,0.7151,0.6555,0.6787,0.7158,0.6918,0.6729,0.637,0.6692,0.6447,0.6934,0.6889,0.7046,0.6869,0.6932,0.6929,0.7025,0.695,0.6954,0.6844,0.6971,0.6867,0.6176,0.6846,0.6868,0.682,0.6578,0.7201,0.7203,0.7166,0.6739,0.7405,0.7337,0.7324,0.6593,0.726,0.723,0.7216
39115,0.5183,0.579,0.6037,0.6009,0.5542,0.6009,0.6324,0.6211,0.5864,0.6342,0.6508,0.6357,0.5911,0.6526,0.666,0.6647,0.6214,0.6329,0.688,0.6793,0.6218,0.706,0.7369,0.7202,0.6572,0.716,0.7435,0.7205,0.6536,0.7028,0.7338,0.7099,0.6476,0.6031,0.6407,0.609,0.6772,0.662,0.678,0.6525,0.6762,0.6669,0.6773,0.661,0.6782,0.6597,0.6726,0.6556,0.6038,0.6486,0.6499,0.6415,0.6386,0.7019,0.7013,0.6992,0.6661,0.7258,0.7194,0.7174,0.646,0.7052,0.7032,0.7036
39116,0.5583,0.6285,0.6551,0.64,0.578,0.6164,0.6472,0.6333,0.6056,0.6422,0.6615,0.6405,0.6009,0.6535,0.6751,0.6555,0.579,0.6656,0.7179,0.6978,0.5986,0.7074,0.7371,0.7265,0.6332,0.7089,0.7309,0.7092,0.6186,0.6945,0.717,0.6981,0.6723,0.653,0.6905,0.6559,0.6769,0.6845,0.6992,0.687,0.677,0.6827,0.6865,0.6849,0.6834,0.686,0.6928,0.6849,0.5758,0.6211,0.6282,0.6183,0.618,0.6685,0.6754,0.6735,0.6503,0.7026,0.7074,0.7017,0.6262,0.6698,0.6725,0.6693
39117,0.5667,0.6294,0.6583,0.6451,0.6056,0.6496,0.6809,0.6712,0.6467,0.6899,0.7015,0.6921,0.6281,0.6871,0.7051,0.6942,0.5288,0.6545,0.7053,0.6927,0.5617,0.6885,0.7175,0.7099,0.6073,0.6986,0.7168,0.7045,0.5956,0.6701,0.6957,0.6874,0.6744,0.6632,0.6926,0.6671,0.6769,0.6957,0.7065,0.7025,0.6887,0.6995,0.7036,0.711,0.6935,0.708,0.7105,0.7134,0.5251,0.526,0.5454,0.534,0.5686,0.5939,0.6131,0.6087,0.5916,0.6349,0.6511,0.6472,0.5618,0.5801,0.5985,0.5925
39118,0.4977,0.5475,0.5781,0.5799,0.5717,0.6057,0.6281,0.6206,0.6068,0.6536,0.6656,0.656,0.5792,0.6598,0.6675,0.6664,0.6205,0.6637,0.7066,0.7035,0.6489,0.7125,0.7392,0.7297,0.6816,0.7357,0.7539,0.737,0.6763,0.7097,0.742,0.7276,0.6524,0.5923,0.64,0.6019,0.7016,0.6783,0.6976,0.6723,0.7006,0.6846,0.7001,0.6902,0.7068,0.6805,0.7013,0.6833,0.546,0.5281,0.5378,0.5298,0.5858,0.602,0.6079,0.6146,0.6163,0.6457,0.6489,0.6495,0.588,0.5911,0.6008,0.5969
39119,0.5235,0.5975,0.6262,0.61,0.5851,0.6283,0.6661,0.6443,0.6085,0.655,0.6719,0.657,0.6026,0.6736,0.6946,0.6781,0.6237,0.6564,0.6959,0.6944,0.6306,0.7136,0.7326,0.7234,0.6651,0.7282,0.7406,0.7259,0.6602,0.7026,0.7285,0.7165,0.6671,0.6202,0.6627,0.6286,0.692,0.6844,0.7017,0.6845,0.6884,0.6834,0.6931,0.6898,0.6942,0.683,0.6948,0.6875,0.6049,0.6252,0.6352,0.626,0.6469,0.6866,0.6941,0.6937,0.6618,0.7216,0.7239,0.7204,0.6508,0.6892,0.6972,0.6921
39120,0.5456,0.5753,0.6022,0.5919,0.6428,0.675,0.7033,0.6813,0.656,0.6912,0.7084,0.6887,0.6389,0.6851,0.7062,0.6949,0.5675,0.615,0.6687,0.6658,0.5913,0.6778,0.7078,0.6946,0.6203,0.6897,0.7133,0.704,0.6034,0.641,0.6826,0.6697,0.682,0.6471,0.6797,0.6533,0.699,0.7123,0.7216,0.7118,0.7007,0.7016,0.7123,0.7158,0.7026,0.7087,0.7182,0.7157,0.5089,0.5175,0.5462,0.5287,0.5614,0.5748,0.6022,0.5943,0.5884,0.6284,0.6552,0.6409,0.544,0.5674,0.5959,0.5759
39121,0.5566,0.5872,0.6227,0.6035,0.6529,0.6814,0.7153,0.6915,0.6768,0.7102,0.7272,0.7114,0.653,0.6936,0.7226,0.7036,0.5363,0.6194,0.6696,0.6705,0.56,0.6702,0.6975,0.6944,0.5932,0.6795,0.7013,0.6943,0.5731,0.6319,0.6737,0.6603,0.6851,0.6622,0.6874,0.6669,0.6905,0.7085,0.7169,0.7145,0.6981,0.7053,0.7133,0.72,0.6994,0.7099,0.7175,0.722,0.4645,0.48,0.5097,0.4942,0.515,0.5388,0.5679,0.5601,0.5296,0.5789,0.6112,0.5975,0.4889,0.5172,0.5461,0.5293
39122,0.5497,0.5714,0.5952,0.5897,0.5827,0.6134,0.6463,0.629,0.6072,0.6473,0.6673,0.6438,0.5688,0.6046,0.6429,0.6176,0.5607,0.6413,0.7052,0.6837,0.5757,0.6799,0.7178,0.6977,0.6115,0.6827,0.7156,0.6879,0.5927,0.6562,0.6962,0.6679,0.6975,0.7171,0.7367,0.7193,0.673,0.7167,0.7233,0.7263,0.6832,0.7135,0.7104,0.7233,0.6773,0.7221,0.716,0.7284,0.5559,0.6271,0.6303,0.6251,0.6071,0.6671,0.6786,0.6645,0.611,0.669,0.6849,0.6707,0.6042,0.6506,0.6623,0.6578
39123,0.497,0.5442,0.5541,0.5351,0.5983,0.6447,0.6779,0.6502,0.6171,0.6647,0.6827,0.6566,0.5665,0.6164,0.6529,0.6286,0.607,0.6058,0.6612,0.652,0.6181,0.6727,0.7061,0.6855,0.6557,0.6826,0.7158,0.6891,0.6451,0.633,0.6833,0.655,0.6964,0.6826,0.713,0.6858,0.6925,0.7182,0.7292,0.7206,0.6939,0.7086,0.7173,0.7162,0.6955,0.7129,0.7218,0.7154,0.6414,0.6623,0.6727,0.6639,0.6872,0.7191,0.7272,0.7092,0.6794,0.7196,0.7331,0.7096,0.6781,0.7007,0.7134,0.6983
39124,0.4968,0.4956,0.4862,0.5112,0.5552,0.5995,0.6217,0.6156,0.5845,0.6299,0.6464,0.6327,0.5226,0.5619,0.5875,0.5839,0.599,0.622,0.6793,0.6621,0.6165,0.6792,0.7185,0.6954,0.664,0.6912,0.7324,0.7026,0.6514,0.6547,0.7025,0.6717,0.7106,0.7036,0.7198,0.7079,0.7121,0.7333,0.7514,0.7397,0.7127,0.7318,0.7449,0.7405,0.7131,0.7348,0.75,0.742,0.593,0.6653,0.6603,0.6652,0.6377,0.7034,0.7087,0.6953,0.63,0.6954,0.7061,0.6914,0.6364,0.6815,0.6871,0.6824
39125,0.5343,0.5632,0.5533,0.5719,0.5715,0.6182,0.6331,0.6316,0.6001,0.6472,0.6521,0.6449,0.5669,0.622,0.6327,0.6363,0.5902,0.6519,0.7007,0.6921,0.5997,0.7052,0.7394,0.7191,0.6497,0.726,0.7547,0.7277,0.6391,0.7065,0.7398,0.7157,0.6798,0.6585,0.6862,0.6604,0.6993,0.7056,0.7222,0.7061,0.7038,0.7033,0.7186,0.71,0.7063,0.7078,0.7264,0.713,0.5889,0.6747,0.6677,0.6721,0.636,0.7207,0.7172,0.7151,0.6357,0.7222,0.7181,0.7185,0.6416,0.711,0.712,0.713
39126,0.5603,0.6039,0.6059,0.6168,0.6118,0.6584,0.6799,0.6761,0.635,0.686,0.6935,0.6838,0.6012,0.6614,0.677,0.6734,0.556,0.6511,0.71,0.6965,0.572,0.6965,0.7318,0.7157,0.616,0.7047,0.734,0.714,0.6021,0.6852,0.7136,0.6963,0.6866,0.6759,0.699,0.683,0.6952,0.7145,0.7281,0.7222,0.7014,0.7133,0.7205,0.7248,0.7067,0.72,0.7323,0.7311,0.5776,0.6251,0.631,0.6302,0.6307,0.6841,0.6914,0.6844,0.631,0.6875,0.7006,0.6975,0.6273,0.6609,0.6761,0.6718
39127,0.5698,0.6231,0.6425,0.6388,0.6299,0.6742,0.7008,0.693,0.6533,0.7023,0.7128,0.7008,0.6335,0.6852,0.7079,0.6963,0.5161,0.6449,0.6972,0.6846,0.533,0.6748,0.7015,0.6961,0.5806,0.6885,0.7125,0.6983,0.5661,0.6611,0.6861,0.6765,0.6832,0.6742,0.6963,0.6799,0.6799,0.7042,0.7134,0.7175,0.6957,0.7066,0.7126,0.7186,0.6985,0.7143,0.7195,0.7282,0.5489,0.5689,0.5923,0.5784,0.6008,0.6393,0.6556,0.6446,0.6023,0.6473,0.6693,0.6582,0.5903,0.6124,0.6323,0.6201
39128,0.5246,0.5947,0.6062,0.6135,0.5861,0.6412,0.6583,0.6589,0.6162,0.665,0.6715,0.6731,0.6167,0.6851,0.6934,0.695,0.5389,0.6694,0.7076,0.7041,0.5549,0.7159,0.737,0.7326,0.6051,0.732,0.7467,0.7395,0.6017,0.7117,0.7386,0.7251,0.6333,0.6183,0.6519,0.6185,0.6813,0.6889,0.708,0.6868,0.6831,0.6847,0.7029,0.6928,0.6987,0.6895,0.7099,0.6955,0.5501,0.5841,0.5953,0.5837,0.5913,0.6604,0.665,0.6717,0.61,0.6754,0.6864,0.6802,0.5999,0.6397,0.6565,0.6531
39129,0.5426,0.6225,0.64,0.639,0.5933,0.6388,0.6726,0.6632,0.6237,0.6608,0.6725,0.6685,0.6191,0.6772,0.7004,0.6909,0.5744,0.6535,0.7014,0.694,0.5674,0.7146,0.731,0.7253,0.6114,0.7314,0.74,0.7281,0.6067,0.6998,0.7237,0.7068,0.642,0.6239,0.6639,0.6261,0.6708,0.684,0.7009,0.6834,0.6677,0.6779,0.6933,0.6868,0.6749,0.6751,0.695,0.6771,0.6012,0.6579,0.6604,0.6595,0.6371,0.7169,0.7145,0.7218,0.6474,0.7286,0.7285,0.733,0.6505,0.714,0.7136,0.7151
39130,0.5388,0.6275,0.6454,0.6435,0.5836,0.6358,0.6709,0.6633,0.6105,0.6486,0.66,0.6621,0.6124,0.6707,0.6928,0.6817,0.5688,0.6447,0.6816,0.6827,0.5538,0.705,0.7183,0.7164,0.5997,0.7188,0.7268,0.7167,0.5941,0.6905,0.713,0.6974,0.6334,0.6248,0.6643,0.6299,0.6524,0.6775,0.6937,0.6786,0.6493,0.6724,0.6791,0.6748,0.6568,0.6683,0.6798,0.6685,0.629,0.689,0.683,0.6889,0.6536,0.7377,0.7345,0.7378,0.6712,0.7475,0.744,0.7493,0.673,0.7412,0.7345,0.739
39131,0.538,0.5553,0.5611,0.5808,0.5631,0.6171,0.6418,0.646,0.6032,0.655,0.6601,0.6614,0.5572,0.6073,0.6303,0.6336,0.5951,0.626,0.6911,0.6731,0.5945,0.6987,0.7327,0.7156,0.632,0.7125,0.736,0.7174,0.6294,0.6783,0.717,0.6882,0.685,0.6949,0.7199,0.6971,0.6836,0.728,0.7367,0.7332,0.6827,0.7264,0.7255,0.7308,0.6819,0.7203,0.7311,0.7219,0.5878,0.6858,0.6796,0.6938,0.6275,0.7215,0.7219,0.7241,0.6431,0.7269,0.7234,0.7308,0.6343,0.7091,0.7076,0.7175
39132,0.4917,0.4785,0.4669,0.5118,0.5219,0.5726,0.5885,0.611,0.5681,0.6233,0.6295,0.6374,0.4993,0.5433,0.5631,0.5878,0.6044,0.6098,0.6805,0.6569,0.6206,0.6835,0.7286,0.7037,0.6579,0.6928,0.7358,0.7045,0.6516,0.6605,0.7112,0.6759,0.6989,0.7063,0.7237,0.7041,0.7028,0.741,0.7544,0.7458,0.7051,0.7427,0.748,0.7474,0.6995,0.7363,0.7495,0.7361,0.5629,0.6583,0.6469,0.6653,0.606,0.6926,0.6933,0.6942,0.6209,0.6953,0.6961,0.6994,0.6084,0.6742,0.6747,0.6824
39133,0.526,0.5562,0.5561,0.5749,0.5758,0.6309,0.6602,0.6564,0.6098,0.6614,0.6754,0.6657,0.5597,0.6179,0.6455,0.6437,0.6025,0.6076,0.6637,0.6505,0.6108,0.6889,0.7224,0.7074,0.6337,0.7109,0.7331,0.7176,0.642,0.6652,0.7039,0.6825,0.6825,0.6791,0.7078,0.6818,0.6923,0.7313,0.7429,0.7332,0.68,0.7296,0.7328,0.7325,0.6893,0.7164,0.7283,0.7179,0.6075,0.6819,0.6812,0.6927,0.6382,0.7253,0.7282,0.7254,0.6573,0.7352,0.7318,0.7339,0.6443,0.7153,0.7156,0.718
39134,0.5285,0.5569,0.5684,0.5838,0.5677,0.6244,0.643,0.6495,0.5891,0.639,0.6458,0.6454,0.5722,0.6319,0.6465,0.6566,0.6006,0.6651,0.7158,0.7035,0.5641,0.7286,0.7447,0.7384,0.5926,0.7379,0.7387,0.7331,0.6037,0.7246,0.7396,0.7248,0.6565,0.6417,0.6823,0.6511,0.6739,0.7008,0.7157,0.7012,0.6556,0.7005,0.7012,0.696,0.6721,0.6908,0.7007,0.6835,0.5892,0.6763,0.6776,0.6781,0.6098,0.7109,0.7115,0.7186,0.6374,0.7272,0.7234,0.7327,0.6298,0.7157,0.7111,0.7169
39135,0.4778,0.5123,0.509,0.5047,0.5872,0.6465,0.675,0.6556,0.6092,0.6624,0.6695,0.6578,0.5618,0.633,0.6609,0.6492,0.6287,0.5987,0.6579,0.6473,0.6225,0.7028,0.7274,0.7169,0.6358,0.7233,0.7364,0.731,0.6511,0.6817,0.7129,0.6941,0.638,0.6086,0.6494,0.6177,0.676,0.6986,0.7186,0.6945,0.6641,0.7001,0.7096,0.701,0.6752,0.6756,0.6993,0.6758,0.6652,0.6814,0.684,0.6773,0.6843,0.7319,0.7359,0.7339,0.7031,0.7473,0.7462,0.7473,0.7012,0.7435,0.7449,0.735
39136,0.4304,0.4077,0.4085,0.4245,0.5036,0.5596,0.5801,0.5901,0.5578,0.6237,0.6332,0.6266,0.4494,0.505,0.5385,0.5458,0.6486,0.5671,0.6409,0.6164,0.6557,0.6566,0.701,0.6749,0.6722,0.6841,0.7218,0.6925,0.6689,0.6139,0.6703,0.6323,0.6972,0.668,0.7055,0.6765,0.7038,0.7214,0.7381,0.7221,0.7003,0.7249,0.7337,0.7313,0.7069,0.7076,0.7243,0.7117,0.6395,0.6712,0.6757,0.6658,0.6797,0.7159,0.7227,0.7146,0.6912,0.7267,0.7285,0.7232,0.6777,0.7111,0.7139,0.7086
39137,0.5088,0.5135,0.5113,0.5354,0.5621,0.6312,0.6535,0.654,0.6102,0.6795,0.6835,0.6784,0.5306,0.6024,0.6254,0.6316,0.5971,0.5963,0.6685,0.6521,0.591,0.6709,0.7032,0.6899,0.6125,0.6782,0.6995,0.6941,0.617,0.6208,0.6685,0.648,0.6963,0.6853,0.7146,0.6964,0.6858,0.7137,0.7242,0.7246,0.685,0.723,0.7193,0.7334,0.7019,0.7205,0.7279,0.7307,0.5998,0.6116,0.6252,0.6239,0.6557,0.6806,0.6919,0.6872,0.6626,0.6872,0.696,0.702,0.6452,0.6478,0.6676,0.6613
39138,0.5225,0.5486,0.5403,0.5567,0.5984,0.6761,0.6902,0.6893,0.6338,0.7013,0.7004,0.7024,0.5664,0.6547,0.6645,0.6697,0.5558,0.5732,0.653,0.6398,0.547,0.6407,0.679,0.6727,0.5556,0.6445,0.6665,0.6656,0.5627,0.5926,0.6416,0.6269,0.6859,0.6836,0.7018,0.6921,0.6738,0.7069,0.717,0.7169,0.6684,0.7119,0.7108,0.7243,0.6936,0.7197,0.7257,0.7277,0.5618,0.5552,0.5769,0.5746,0.6191,0.6218,0.6446,0.6422,0.6227,0.6323,0.6556,0.6617,0.6002,0.5884,0.6153,0.6122
39139,0.4757,0.5027,0.4944,0.5199,0.5751,0.6481,0.6528,0.6513,0.6105,0.675,0.6765,0.669,0.5381,0.6328,0.6391,0.649,0.6529,0.6337,0.6926,0.687,0.6294,0.7056,0.7256,0.7177,0.6299,0.7156,0.7254,0.7207,0.6477,0.6824,0.7084,0.6929,0.667,0.6279,0.6608,0.6388,0.7013,0.7057,0.7238,0.7065,0.6905,0.7051,0.7122,0.7147,0.7081,0.7027,0.7173,0.7074,0.5833,0.5767,0.5902,0.5883,0.619,0.6282,0.6489,0.6473,0.6356,0.653,0.668,0.6694,0.6219,0.6157,0.6375,0.6314
39140,0.4062,0.4419,0.4379,0.4609,0.5317,0.6084,0.6112,0.6103,0.5736,0.646,0.6503,0.6439,0.4979,0.5957,0.5955,0.6161,0.6846,0.5935,0.6598,0.6578,0.6992,0.6951,0.721,0.7068,0.685,0.7215,0.732,0.7257,0.6911,0.6672,0.6959,0.6812,0.6159,0.5554,0.5913,0.5682,0.7049,0.6815,0.702,0.6731,0.6952,0.6845,0.701,0.6825,0.7027,0.6697,0.6956,0.6673,0.5901,0.5525,0.5648,0.5528,0.6316,0.6223,0.6359,0.6352,0.6521,0.6495,0.6576,0.6539,0.6314,0.6126,0.6331,0.6211
39141,0.4022,0.443,0.421,0.4341,0.5331,0.6263,0.631,0.6142,0.5697,0.6578,0.661,0.6434,0.4885,0.5955,0.5988,0.6034,0.6677,0.5498,0.6217,0.6226,0.6852,0.666,0.6914,0.6819,0.6712,0.7032,0.722,0.7107,0.6828,0.6244,0.6657,0.6447,0.612,0.5694,0.6116,0.5867,0.6961,0.6922,0.716,0.689,0.6814,0.6963,0.7148,0.6991,0.6896,0.6764,0.6999,0.6764,0.6432,0.5899,0.6024,0.5975,0.6886,0.6678,0.6855,0.6757,0.7065,0.7019,0.7055,0.7013,0.6812,0.6639,0.6777,0.6632
39142,0.463,0.4504,0.4382,0.462,0.6087,0.6577,0.6651,0.6547,0.6436,0.6878,0.6883,0.678,0.5672,0.6173,0.6262,0.6325,0.5899,0.5086,0.5908,0.5837,0.6012,0.6149,0.654,0.6419,0.592,0.6367,0.6701,0.6602,0.5809,0.5415,0.6022,0.5877,0.6516,0.609,0.6385,0.6192,0.6976,0.713,0.7294,0.7155,0.6917,0.7197,0.7288,0.7291,0.7013,0.6973,0.7171,0.7068,0.5524,0.5133,0.535,0.5272,0.6064,0.5866,0.6134,0.6005,0.6216,0.6249,0.6459,0.6388,0.5766,0.5513,0.588,0.5633
39143,0.5244,0.5402,0.5239,0.5334,0.6477,0.7004,0.708,0.7008,0.6734,0.7131,0.7111,0.7125,0.6272,0.6876,0.6855,0.6889,0.5372,0.5307,0.6228,0.6167,0.5219,0.6222,0.6629,0.6567,0.5257,0.6326,0.659,0.6572,0.5213,0.5551,0.6125,0.6033,0.6489,0.6243,0.6494,0.6321,0.6561,0.6932,0.7101,0.7044,0.6533,0.702,0.7041,0.7141,0.6749,0.6968,0.7113,0.7088,0.5057,0.4882,0.5169,0.5146,0.5493,0.5548,0.5898,0.5822,0.5653,0.5901,0.6186,0.6146,0.5175,0.5151,0.5541,0.5377
39144,0.5309,0.5587,0.5499,0.5652,0.6213,0.6726,0.6852,0.6824,0.6481,0.6863,0.692,0.6975,0.6321,0.6946,0.6963,0.7041,0.5713,0.6237,0.6797,0.6738,0.5487,0.6986,0.7207,0.7113,0.5629,0.7108,0.7236,0.7174,0.5635,0.6636,0.6938,0.6822,0.6268,0.5996,0.6254,0.6097,0.6567,0.6866,0.7064,0.6905,0.6449,0.688,0.6939,0.6968,0.6725,0.6903,0.7047,0.692,0.5376,0.5499,0.5697,0.5614,0.5753,0.6146,0.6441,0.6399,0.5937,0.6434,0.667,0.6659,0.5682,0.5915,0.624,0.6109
39145,0.5095,0.4752,0.4503,0.4992,0.5735,0.632,0.6281,0.6519,0.6136,0.6736,0.664,0.6761,0.5646,0.619,0.6131,0.6397,0.5801,0.605,0.6777,0.663,0.5836,0.6897,0.7197,0.704,0.5779,0.7025,0.7188,0.7013,0.5804,0.6493,0.6834,0.6651,0.6798,0.6861,0.7047,0.6888,0.6885,0.7345,0.7454,0.7385,0.6612,0.7338,0.7246,0.7363,0.686,0.7364,0.7423,0.7357,0.5661,0.6377,0.6383,0.6521,0.6244,0.6885,0.6984,0.6996,0.6401,0.7044,0.7114,0.7198,0.6297,0.6704,0.679,0.6843
39146,0.5376,0.5378,0.5201,0.56,0.5634,0.6208,0.6281,0.642,0.5816,0.6383,0.6383,0.6458,0.5877,0.6455,0.6425,0.6623,0.5721,0.6825,0.7221,0.7111,0.5363,0.7285,0.7393,0.7285,0.5455,0.7329,0.7313,0.7192,0.5553,0.717,0.7262,0.7105,0.6628,0.6606,0.6902,0.6662,0.66,0.7095,0.7214,0.7103,0.6293,0.7018,0.6991,0.6997,0.6639,0.7081,0.7177,0.7052,0.5544,0.6656,0.6568,0.6673,0.5932,0.6946,0.7003,0.7107,0.6188,0.7136,0.7102,0.7281,0.6143,0.6956,0.698,0.7027
39147,0.5089,0.5507,0.5377,0.5361,0.5923,0.6489,0.6711,0.653,0.6073,0.6512,0.6647,0.645,0.5884,0.6441,0.6666,0.649,0.6293,0.6279,0.6806,0.6763,0.6036,0.704,0.7184,0.7078,0.6034,0.7107,0.7158,0.702,0.6144,0.6705,0.6913,0.6696,0.6526,0.6519,0.6844,0.6595,0.6646,0.708,0.7243,0.7077,0.6286,0.7008,0.7029,0.6975,0.6604,0.6974,0.7084,0.6913,0.6537,0.6836,0.6868,0.6808,0.6593,0.71,0.7203,0.7169,0.6808,0.726,0.7218,0.72,0.6822,0.7112,0.719,0.7058
39148,0.5055,0.5761,0.5954,0.5671,0.5751,0.6285,0.6666,0.6428,0.5878,0.6281,0.647,0.6297,0.5833,0.6442,0.6733,0.645,0.6193,0.6278,0.676,0.6626,0.5716,0.6839,0.6967,0.6854,0.5799,0.6886,0.6923,0.6748,0.5873,0.6503,0.676,0.6546,0.6428,0.6596,0.6884,0.6609,0.6254,0.6857,0.6946,0.6922,0.5886,0.6736,0.667,0.6694,0.6242,0.6731,0.6795,0.6715,0.6644,0.7137,0.7181,0.7203,0.65,0.7265,0.7313,0.732,0.6704,0.7361,0.7318,0.7351,0.6768,0.7266,0.7278,0.7241
39149,0.5139,0.6036,0.6159,0.5887,0.5837,0.6382,0.6819,0.6597,0.5834,0.6253,0.6416,0.6335,0.6029,0.6639,0.6913,0.6659,0.614,0.6224,0.6683,0.6569,0.5817,0.6827,0.6983,0.6853,0.5768,0.6887,0.6967,0.676,0.5945,0.651,0.6767,0.6537,0.6353,0.6537,0.6804,0.6543,0.6229,0.6865,0.6998,0.6925,0.58,0.6709,0.6656,0.6711,0.6213,0.674,0.6812,0.6766,0.6738,0.7175,0.7243,0.721,0.6639,0.7479,0.7474,0.7433,0.6807,0.7543,0.7486,0.7479,0.6885,0.7411,0.7439,0.7389
39150,0.5018,0.5277,0.4982,0.5233,0.5655,0.6097,0.6381,0.6403,0.5898,0.6315,0.6544,0.6422,0.5537,0.6029,0.6234,0.6246,0.621,0.6007,0.6577,0.6349,0.6153,0.6715,0.7012,0.6811,0.6047,0.6778,0.6979,0.6727,0.6146,0.6254,0.6599,0.6329,0.6788,0.6971,0.7155,0.6945,0.6666,0.7217,0.7398,0.7328,0.6231,0.7103,0.71,0.7128,0.6569,0.7106,0.7222,0.7109,0.6268,0.7068,0.7037,0.7111,0.6511,0.7275,0.7357,0.7252,0.6588,0.7414,0.7349,0.729,0.6648,0.7195,0.7269,0.7134
39151,0.5484,0.6052,0.5881,0.6043,0.5856,0.6307,0.6594,0.658,0.6067,0.6514,0.6735,0.6562,0.5889,0.6409,0.6646,0.6548,0.5716,0.6151,0.6693,0.6554,0.5622,0.6601,0.6851,0.6726,0.5589,0.6642,0.673,0.6574,0.5602,0.61,0.639,0.6222,0.6689,0.6952,0.7077,0.7031,0.6522,0.7104,0.7235,0.7261,0.6165,0.704,0.6984,0.7074,0.6517,0.7149,0.7196,0.7161,0.619,0.6857,0.6917,0.6927,0.65,0.7043,0.715,0.7033,0.6664,0.7262,0.734,0.7213,0.6616,0.6917,0.7008,0.6917
39152,0.5754,0.6109,0.5881,0.6028,0.6278,0.6627,0.6901,0.6896,0.6442,0.691,0.7051,0.6936,0.6417,0.6753,0.689,0.6796,0.5171,0.5716,0.6339,0.6238,0.5209,0.6263,0.655,0.6481,0.5188,0.6391,0.6536,0.6421,0.5069,0.5596,0.5954,0.5841,0.6509,0.6671,0.6778,0.6736,0.644,0.7098,0.7246,0.7263,0.6193,0.712,0.7043,0.7194,0.6478,0.7172,0.7189,0.7242,0.5569,0.5803,0.5996,0.5942,0.5824,0.5938,0.62,0.612,0.6134,0.6324,0.6631,0.6456,0.5677,0.5637,0.6008,0.5818
39153,0.5663,0.6282,0.6257,0.6212,0.5893,0.6283,0.6738,0.6528,0.5971,0.6375,0.6695,0.6441,0.6226,0.6526,0.6814,0.6582,0.5545,0.6083,0.6552,0.6412,0.5407,0.6481,0.6696,0.6527,0.5364,0.6529,0.6654,0.644,0.5275,0.5926,0.6193,0.5978,0.6387,0.6723,0.6846,0.6753,0.6211,0.7004,0.7072,0.7096,0.5828,0.6918,0.6828,0.689,0.6202,0.6967,0.7007,0.698,0.6306,0.6902,0.701,0.6908,0.6471,0.7032,0.7142,0.6989,0.6702,0.7249,0.7378,0.7173,0.6606,0.6862,0.708,0.6887
39154,0.4911,0.5592,0.5352,0.5536,0.5823,0.6202,0.6627,0.649,0.6096,0.6499,0.6748,0.6548,0.5772,0.6466,0.6711,0.6561,0.6571,0.6139,0.6548,0.6425,0.6661,0.6713,0.6917,0.675,0.6711,0.7,0.7203,0.6925,0.6542,0.6325,0.6617,0.6347,0.6288,0.5888,0.6136,0.5939,0.6815,0.6802,0.6946,0.6818,0.6583,0.6873,0.6951,0.686,0.6694,0.6733,0.6906,0.6708,0.6278,0.6285,0.6345,0.6218,0.6512,0.6832,0.6914,0.6766,0.6758,0.7087,0.7183,0.7004,0.6583,0.6668,0.6898,0.6655
39155,0.519,0.5829,0.5708,0.5755,0.6234,0.6572,0.6951,0.6798,0.6463,0.6837,0.707,0.6868,0.6063,0.6716,0.6983,0.6789,0.5909,0.6043,0.6556,0.6402,0.6083,0.6645,0.6827,0.6717,0.6152,0.6732,0.6888,0.676,0.595,0.6055,0.6358,0.6209,0.652,0.6275,0.6453,0.6276,0.6836,0.7047,0.719,0.708,0.6643,0.7073,0.7065,0.7108,0.68,0.7023,0.7119,0.7017,0.5928,0.5864,0.6091,0.5956,0.6284,0.6343,0.6571,0.6422,0.6565,0.6727,0.6959,0.6814,0.621,0.6143,0.6484,0.6244
39156,0.5078,0.5713,0.5674,0.5824,0.5998,0.6285,0.6642,0.6624,0.6224,0.6494,0.67,0.6615,0.6201,0.6789,0.6967,0.697,0.6035,0.6446,0.6921,0.684,0.6033,0.7144,0.7303,0.723,0.6171,0.7234,0.7329,0.7238,0.6111,0.6822,0.7044,0.6872,0.621,0.5745,0.5989,0.5742,0.6639,0.6659,0.6852,0.6629,0.6502,0.6703,0.6776,0.6681,0.6691,0.6688,0.6887,0.6674,0.5947,0.5743,0.5955,0.5833,0.6389,0.6541,0.6707,0.6632,0.6647,0.6819,0.6977,0.6915,0.6409,0.6308,0.6678,0.6512
39157,0.4343,0.4259,0.3904,0.4359,0.523,0.5694,0.5776,0.61,0.5805,0.6383,0.6451,0.6544,0.4817,0.5496,0.5541,0.585,0.6448,0.5784,0.6396,0.617,0.685,0.655,0.6905,0.6641,0.6778,0.6788,0.7101,0.6821,0.6587,0.6035,0.6443,0.6073,0.6737,0.6386,0.6589,0.6406,0.7216,0.7178,0.7395,0.7238,0.7079,0.7286,0.7413,0.7333,0.7187,0.7183,0.737,0.7173,0.6208,0.63,0.635,0.634,0.677,0.6807,0.6888,0.6783,0.6889,0.7061,0.7115,0.7061,0.664,0.6621,0.6789,0.6711
39158,0.4895,0.5218,0.5338,0.5346,0.5565,0.5933,0.6423,0.6341,0.592,0.6392,0.6637,0.6483,0.526,0.5834,0.6238,0.6124,0.6457,0.6,0.664,0.6346,0.6583,0.6639,0.6989,0.6717,0.6595,0.6746,0.7021,0.6734,0.6388,0.6099,0.6512,0.6129,0.6823,0.6559,0.6873,0.6608,0.6914,0.704,0.7236,0.7125,0.6737,0.7059,0.7111,0.7096,0.6814,0.6851,0.7048,0.6915,0.6489,0.6918,0.7081,0.7003,0.6876,0.733,0.7444,0.7318,0.6979,0.7483,0.7571,0.7435,0.6867,0.713,0.7337,0.7216
39159,0.5101,0.5632,0.5618,0.571,0.5771,0.6251,0.6566,0.6562,0.5974,0.6437,0.6576,0.6477,0.5798,0.648,0.6656,0.6657,0.6535,0.6583,0.7072,0.687,0.6541,0.7143,0.7393,0.7235,0.6591,0.7281,0.7384,0.7213,0.6503,0.6844,0.7086,0.683,0.6477,0.6132,0.6385,0.6167,0.6833,0.6835,0.7055,0.6854,0.6667,0.6903,0.6976,0.6881,0.6826,0.6822,0.6995,0.6752,0.6402,0.6422,0.6561,0.6466,0.6786,0.7078,0.7159,0.7128,0.6964,0.7314,0.7365,0.7312,0.6871,0.7032,0.7203,0.7066
39160,0.4911,0.5459,0.5538,0.5718,0.5409,0.5781,0.6174,0.619,0.5437,0.591,0.6105,0.6017,0.5517,0.6241,0.6455,0.6461,0.635,0.6957,0.7327,0.7218,0.6071,0.7347,0.7493,0.7423,0.6241,0.7417,0.7396,0.7301,0.6205,0.7225,0.7359,0.7183,0.6317,0.5878,0.6202,0.5899,0.6639,0.6599,0.6824,0.6581,0.6506,0.6665,0.6726,0.6592,0.6653,0.6561,0.6743,0.6502,0.6093,0.6195,0.6284,0.6204,0.6447,0.6876,0.6933,0.6929,0.671,0.7051,0.7075,0.7134,0.6594,0.6779,0.6947,0.6876
39161,0.5331,0.5852,0.571,0.5894,0.6021,0.6462,0.6739,0.6708,0.6317,0.6808,0.6913,0.6826,0.6054,0.6787,0.6915,0.6877,0.5924,0.6489,0.7065,0.6934,0.6012,0.6972,0.7305,0.7226,0.6256,0.7103,0.7279,0.7201,0.6065,0.6787,0.707,0.6956,0.6598,0.6263,0.6529,0.631,0.692,0.6975,0.7119,0.7009,0.6906,0.706,0.7111,0.7107,0.6961,0.7009,0.7111,0.7012,0.5933,0.5923,0.6197,0.607,0.6399,0.651,0.68,0.6701,0.6524,0.676,0.7016,0.6968,0.6329,0.6264,0.6655,0.6557
39162,0.4981,0.5099,0.4864,0.5155,0.5529,0.6035,0.6222,0.6311,0.5892,0.6512,0.6619,0.6599,0.5339,0.6004,0.615,0.6183,0.6134,0.6309,0.6962,0.6736,0.6389,0.6861,0.7292,0.7121,0.6526,0.6969,0.7306,0.7037,0.6361,0.657,0.703,0.6698,0.6902,0.6869,0.7074,0.6897,0.7037,0.7319,0.745,0.7429,0.6911,0.739,0.7317,0.7387,0.6915,0.7348,0.7347,0.7334,0.5951,0.6477,0.6521,0.6586,0.6457,0.6921,0.7051,0.6993,0.6533,0.7002,0.7157,0.7141,0.6432,0.6688,0.6853,0.6882
39163,0.5142,0.5595,0.5515,0.5616,0.5765,0.628,0.6609,0.6527,0.607,0.6595,0.6748,0.6646,0.5593,0.6321,0.6593,0.6386,0.6163,0.6267,0.6825,0.6595,0.6291,0.6834,0.7208,0.7033,0.6377,0.6961,0.7189,0.6975,0.6322,0.6522,0.687,0.6592,0.6744,0.6673,0.6923,0.6672,0.6934,0.7178,0.7292,0.7238,0.6666,0.716,0.7143,0.716,0.6732,0.7027,0.7126,0.7032,0.6298,0.6742,0.684,0.693,0.6793,0.7223,0.7343,0.7282,0.6886,0.73,0.7423,0.7428,0.679,0.7061,0.7216,0.7185
39164,0.5625,0.6153,0.6222,0.6319,0.5843,0.6288,0.662,0.6512,0.6168,0.6675,0.685,0.6685,0.5789,0.6451,0.6718,0.6524,0.5579,0.6218,0.6831,0.6678,0.5799,0.6546,0.6953,0.6848,0.5971,0.665,0.6911,0.6765,0.58,0.6209,0.6606,0.6406,0.685,0.6824,0.6979,0.6923,0.6784,0.7033,0.7107,0.7183,0.6622,0.7106,0.7001,0.7114,0.6714,0.7079,0.7072,0.7119,0.5929,0.6137,0.6426,0.6445,0.6511,0.6654,0.6941,0.6852,0.6613,0.6841,0.713,0.7045,0.6413,0.6297,0.6691,0.6585
39165,0.5838,0.6205,0.6162,0.6237,0.6052,0.6317,0.662,0.6424,0.6436,0.6826,0.7027,0.6743,0.6002,0.6406,0.6665,0.6392,0.5316,0.6092,0.6786,0.6687,0.565,0.6434,0.6881,0.6773,0.573,0.6519,0.6857,0.6682,0.5529,0.5932,0.6362,0.6192,0.6712,0.6734,0.6919,0.6869,0.6717,0.7068,0.7158,0.7211,0.6599,0.7166,0.7109,0.7227,0.6766,0.7119,0.7136,0.7146,0.524,0.5312,0.5694,0.56,0.5621,0.5513,0.5944,0.5816,0.5705,0.5809,0.6311,0.6101,0.5297,0.5189,0.5643,0.5399
39166,0.5825,0.64,0.6458,0.6396,0.6107,0.6509,0.6878,0.6653,0.631,0.6729,0.6948,0.6704,0.6253,0.6675,0.6884,0.6643,0.5395,0.6368,0.6824,0.6758,0.5698,0.6703,0.7013,0.6888,0.5727,0.6744,0.6964,0.6825,0.5635,0.6285,0.6588,0.6389,0.6529,0.6704,0.6855,0.6787,0.6617,0.704,0.7138,0.7147,0.6379,0.7075,0.7008,0.7098,0.6595,0.7001,0.7052,0.7053,0.6183,0.654,0.6773,0.6736,0.6723,0.6945,0.7189,0.6986,0.6859,0.7088,0.7336,0.7173,0.6587,0.6586,0.6927,0.6711
39167,0.5492,0.5803,0.5738,0.5813,0.5697,0.5997,0.6308,0.6152,0.6025,0.6522,0.6673,0.6515,0.5659,0.5997,0.6242,0.6108,0.5592,0.6359,0.6938,0.6687,0.6004,0.6638,0.7108,0.6877,0.6133,0.679,0.7165,0.687,0.6047,0.6379,0.6846,0.648,0.6687,0.7043,0.7136,0.7057,0.6765,0.7262,0.7385,0.7409,0.6583,0.7325,0.7287,0.7387,0.6759,0.7362,0.7367,0.739,0.5835,0.6587,0.6624,0.663,0.6397,0.6884,0.7009,0.6853,0.6596,0.7037,0.7146,0.7019,0.6431,0.6595,0.6781,0.6664
39168,0.4696,0.4443,0.4117,0.4522,0.496,0.5321,0.5399,0.5615,0.5521,0.604,0.6058,0.6155,0.4569,0.5032,0.5101,0.5322,0.5851,0.6269,0.6822,0.6543,0.6363,0.6398,0.6953,0.6562,0.66,0.6645,0.7133,0.6734,0.6435,0.6136,0.669,0.6204,0.7043,0.6924,0.7064,0.7014,0.7165,0.7362,0.7528,0.7469,0.7051,0.7453,0.751,0.7532,0.7196,0.7471,0.7565,0.7523,0.584,0.631,0.6313,0.6331,0.6392,0.6626,0.6687,0.6597,0.6573,0.685,0.6891,0.6801,0.629,0.6392,0.6506,0.643
39169,0.4654,0.4434,0.4208,0.4668,0.4899,0.5272,0.5419,0.5636,0.5396,0.5949,0.5953,0.6118,0.4646,0.5084,0.5184,0.5428,0.5839,0.631,0.69,0.6625,0.6332,0.6457,0.703,0.6718,0.6538,0.6723,0.7167,0.6839,0.6418,0.6252,0.6874,0.6429,0.6952,0.7022,0.715,0.7084,0.7087,0.7464,0.7533,0.7539,0.6926,0.7509,0.747,0.7574,0.7101,0.7561,0.7604,0.7631,0.5626,0.6296,0.6302,0.6393,0.6191,0.6563,0.6662,0.6614,0.6409,0.6839,0.6842,0.6794,0.6147,0.6403,0.6521,0.6481
39170,0.5189,0.5435,0.5232,0.5599,0.5294,0.59,0.5908,0.6102,0.5683,0.629,0.6303,0.6382,0.5348,0.5987,0.5945,0.614,0.5855,0.6734,0.7119,0.7043,0.6292,0.698,0.7325,0.7141,0.6451,0.7247,0.7523,0.7314,0.6458,0.7027,0.7372,0.7101,0.6621,0.649,0.6687,0.6616,0.7018,0.7262,0.7387,0.7295,0.6873,0.728,0.7331,0.735,0.7042,0.7333,0.7417,0.7384,0.5878,0.6509,0.6477,0.6589,0.6479,0.6986,0.7048,0.7062,0.666,0.7214,0.7212,0.7265,0.6549,0.6935,0.6994,0.7022
39171,0.5002,0.5077,0.4951,0.5254,0.5206,0.5724,0.5756,0.5992,0.5622,0.6259,0.6226,0.635,0.5122,0.5756,0.5692,0.5956,0.5831,0.648,0.7012,0.6869,0.6368,0.673,0.7204,0.6993,0.6587,0.6976,0.7369,0.7103,0.6572,0.674,0.7197,0.688,0.6779,0.6768,0.6948,0.6868,0.7178,0.7419,0.7532,0.7457,0.7099,0.7492,0.7544,0.7556,0.71,0.7485,0.7571,0.7519,0.5805,0.644,0.6428,0.6536,0.6338,0.6811,0.6893,0.69,0.6573,0.7023,0.7011,0.7067,0.6378,0.6749,0.6762,0.6834
39172,0.5507,0.6049,0.5857,0.5945,0.5685,0.6221,0.6442,0.6303,0.6043,0.6575,0.6644,0.6548,0.5705,0.633,0.6423,0.631,0.5744,0.655,0.6929,0.6838,0.619,0.6855,0.7249,0.6993,0.6333,0.704,0.7336,0.7076,0.6356,0.6821,0.7189,0.6822,0.6683,0.6671,0.6875,0.6701,0.7047,0.7306,0.7467,0.7342,0.6928,0.7381,0.7431,0.7409,0.6924,0.7352,0.744,0.732,0.6136,0.6921,0.686,0.6954,0.664,0.7249,0.7294,0.7275,0.689,0.7421,0.7364,0.7393,0.6707,0.7263,0.7248,0.7284
39173,0.5297,0.5497,0.5235,0.5557,0.5396,0.583,0.5974,0.5988,0.5781,0.6321,0.638,0.6328,0.5348,0.5789,0.5895,0.5881,0.592,0.6436,0.696,0.6666,0.6209,0.6688,0.7144,0.6833,0.6374,0.6864,0.7234,0.6885,0.6352,0.6602,0.7043,0.6586,0.6947,0.7198,0.729,0.7218,0.6973,0.7339,0.7479,0.7404,0.6879,0.7393,0.7413,0.7385,0.6882,0.7356,0.7443,0.7313,0.5897,0.6836,0.6802,0.6818,0.6312,0.7101,0.7138,0.7105,0.6624,0.7236,0.7238,0.7199,0.6445,0.7028,0.704,0.7074
39174,0.5069,0.5065,0.4933,0.5367,0.5215,0.5589,0.5717,0.5779,0.56,0.6089,0.6148,0.6177,0.5173,0.552,0.5642,0.5726,0.5907,0.6353,0.6919,0.662,0.6169,0.6609,0.7118,0.6804,0.633,0.6823,0.7183,0.6833,0.6304,0.6561,0.7031,0.6589,0.6834,0.7369,0.7438,0.7412,0.6766,0.7382,0.7404,0.7414,0.6621,0.7395,0.7313,0.7298,0.6613,0.7402,0.7351,0.7299,0.5668,0.6701,0.6742,0.6743,0.6081,0.6955,0.7048,0.6998,0.6402,0.7124,0.7127,0.7082,0.6246,0.6878,0.6962,0.6968
39175,0.5343,0.5731,0.5593,0.6045,0.5385,0.5875,0.6055,0.6188,0.5656,0.6205,0.6274,0.6311,0.5529,0.6108,0.6054,0.6277,0.5758,0.6694,0.7128,0.7026,0.608,0.697,0.7372,0.7243,0.6281,0.7199,0.7513,0.7369,0.6328,0.7119,0.746,0.7262,0.6707,0.6908,0.7015,0.6902,0.6885,0.7267,0.7391,0.7244,0.6707,0.7312,0.7316,0.7226,0.6754,0.7289,0.7328,0.7204,0.5922,0.6384,0.6399,0.6515,0.6345,0.7009,0.7074,0.7149,0.6652,0.7178,0.7214,0.7299,0.6507,0.6934,0.6991,0.7087
39176,0.4639,0.426,0.3941,0.4558,0.4965,0.5328,0.5377,0.5802,0.5465,0.6068,0.6036,0.6284,0.4733,0.5187,0.5168,0.5664,0.6062,0.6188,0.6791,0.6677,0.6523,0.6532,0.706,0.6859,0.6783,0.684,0.7297,0.7109,0.6768,0.6577,0.7089,0.6794,0.7004,0.6859,0.6962,0.6876,0.7276,0.7357,0.7503,0.7376,0.7233,0.7505,0.7568,0.7463,0.7242,0.7453,0.7567,0.7417,0.5945,0.5991,0.6049,0.6127,0.6482,0.6612,0.6737,0.6764,0.6677,0.6856,0.6927,0.6997,0.6466,0.6604,0.6679,0.6762
39177,0.5022,0.5064,0.4915,0.5314,0.5449,0.5922,0.5974,0.6224,0.5831,0.6474,0.6433,0.6568,0.5312,0.5972,0.591,0.6268,0.6071,0.6369,0.6895,0.6847,0.6578,0.6758,0.7195,0.7061,0.6809,0.7129,0.749,0.7321,0.6841,0.6872,0.7337,0.7104,0.6667,0.6346,0.6567,0.64,0.715,0.7057,0.728,0.7009,0.7087,0.7249,0.7348,0.7158,0.7105,0.7068,0.7263,0.7076,0.6046,0.5831,0.5894,0.5952,0.6598,0.6671,0.681,0.6851,0.6792,0.6918,0.7026,0.7081,0.6605,0.6639,0.6744,0.6791
39178,0.5393,0.583,0.5868,0.5995,0.5858,0.6383,0.6659,0.6524,0.6225,0.6758,0.6792,0.6666,0.5845,0.657,0.6679,0.6657,0.6032,0.6337,0.6867,0.6795,0.6467,0.6817,0.7279,0.706,0.6626,0.7157,0.7459,0.7298,0.6686,0.6867,0.7298,0.7009,0.6622,0.633,0.661,0.6386,0.7028,0.7037,0.7216,0.6989,0.6973,0.7194,0.7279,0.7126,0.6949,0.7024,0.7158,0.7001,0.6362,0.6336,0.6527,0.6533,0.681,0.7022,0.7229,0.7188,0.6964,0.7266,0.7406,0.7379,0.6831,0.705,0.7229,0.719
39179,0.5287,0.5703,0.5873,0.6009,0.5814,0.6288,0.6514,0.6437,0.6078,0.6487,0.6549,0.6484,0.5972,0.6593,0.6697,0.6726,0.6155,0.6465,0.7052,0.6991,0.6426,0.7051,0.7455,0.73,0.6603,0.7305,0.7581,0.7415,0.6685,0.71,0.7434,0.7238,0.6366,0.5989,0.6245,0.6021,0.6852,0.6732,0.6979,0.6649,0.682,0.6936,0.7067,0.6854,0.6828,0.6758,0.6928,0.6701,0.6078,0.5778,0.594,0.5956,0.6638,0.6622,0.6817,0.6836,0.6805,0.6852,0.7046,0.7027,0.6636,0.6603,0.6789,0.6791
39180,0.5695,0.62,0.6524,0.6418,0.601,0.6406,0.6717,0.6496,0.6351,0.6708,0.6775,0.6628,0.6127,0.6713,0.6872,0.668,0.5682,0.66,0.7178,0.7057,0.612,0.7019,0.7369,0.7259,0.6345,0.7204,0.7327,0.7269,0.6316,0.6998,0.7249,0.706,0.661,0.6392,0.6636,0.639,0.6842,0.6962,0.7113,0.6908,0.6781,0.7093,0.7102,0.7022,0.6897,0.7007,0.7139,0.6981,0.5708,0.5448,0.5803,0.5745,0.6349,0.6242,0.6594,0.6574,0.6403,0.6424,0.6794,0.6753,0.6267,0.608,0.6418,0.6396
39181,0.5693,0.6103,0.6464,0.6349,0.6249,0.6701,0.6961,0.6796,0.6655,0.704,0.713,0.7059,0.6402,0.6981,0.7144,0.7064,0.5073,0.6294,0.685,0.6788,0.5692,0.6709,0.7084,0.7033,0.6138,0.692,0.7119,0.708,0.5954,0.6636,0.6909,0.6818,0.6412,0.6218,0.6368,0.624,0.6795,0.6981,0.7095,0.6981,0.688,0.7158,0.7163,0.7207,0.692,0.7096,0.7201,0.7115,0.5043,0.4381,0.4913,0.4778,0.5706,0.5335,0.5826,0.5751,0.5559,0.5493,0.6037,0.589,0.5388,0.4954,0.5464,0.5332
39182,0.4903,0.5309,0.5736,0.5723,0.5893,0.6291,0.653,0.6465,0.6163,0.6605,0.6733,0.6644,0.5779,0.66,0.6773,0.6718,0.6084,0.6503,0.7021,0.7032,0.6745,0.7,0.7413,0.7308,0.6885,0.7298,0.7515,0.7421,0.6846,0.6992,0.7371,0.718,0.6233,0.5551,0.5849,0.5648,0.7025,0.677,0.7042,0.6714,0.7094,0.7071,0.7159,0.6996,0.7073,0.6877,0.7075,0.6837,0.5299,0.4406,0.4722,0.4675,0.595,0.5427,0.5765,0.5685,0.5962,0.5637,0.6061,0.5952,0.5739,0.5082,0.5543,0.5426
39183,0.5283,0.5805,0.614,0.6092,0.6094,0.6535,0.6882,0.672,0.6218,0.6712,0.68,0.6664,0.6106,0.683,0.7028,0.6889,0.6186,0.6459,0.6923,0.6935,0.656,0.7075,0.7349,0.7279,0.6716,0.7252,0.7364,0.7319,0.6766,0.6981,0.7228,0.7092,0.6193,0.5733,0.6001,0.5819,0.6958,0.688,0.7105,0.6854,0.6991,0.7103,0.717,0.7036,0.7024,0.691,0.7094,0.6894,0.6027,0.5488,0.5931,0.5798,0.6677,0.6431,0.6826,0.6768,0.6675,0.6705,0.7071,0.699,0.6616,0.6286,0.6725,0.6618
39184,0.5496,0.5529,0.5911,0.5895,0.6559,0.6836,0.7167,0.6932,0.6621,0.694,0.7031,0.6869,0.6461,0.6878,0.7082,0.6939,0.5557,0.599,0.6673,0.6619,0.623,0.6693,0.7133,0.6988,0.6252,0.6762,0.7039,0.6938,0.6279,0.6427,0.6849,0.6659,0.6148,0.5906,0.6131,0.5932,0.6974,0.7043,0.7223,0.7017,0.7004,0.7207,0.728,0.7191,0.6963,0.705,0.7221,0.7073,0.5213,0.4594,0.5217,0.5046,0.5945,0.5377,0.596,0.5833,0.5784,0.5665,0.6287,0.6083,0.5557,0.5111,0.5775,0.5529
39185,0.5509,0.5567,0.6115,0.5926,0.6634,0.6871,0.7222,0.6975,0.6818,0.7114,0.7279,0.708,0.6576,0.6943,0.7237,0.7031,0.517,0.5889,0.6547,0.6525,0.5858,0.6625,0.7027,0.6956,0.6011,0.6652,0.6973,0.6909,0.599,0.6315,0.6743,0.6629,0.6006,0.5863,0.6029,0.5841,0.6851,0.6991,0.7115,0.696,0.6937,0.7145,0.7232,0.7177,0.6875,0.7016,0.7152,0.7048,0.4681,0.4101,0.471,0.4575,0.5435,0.4937,0.5566,0.5402,0.5228,0.5107,0.581,0.5583,0.4911,0.461,0.5218,0.5005
39186,0.5542,0.5616,0.5786,0.5776,0.597,0.6319,0.656,0.6389,0.6242,0.6735,0.6798,0.6639,0.5801,0.622,0.6506,0.6256,0.5556,0.6071,0.688,0.6603,0.6079,0.6545,0.7037,0.6805,0.6238,0.6567,0.6975,0.6688,0.6215,0.6332,0.6832,0.65,0.6595,0.6901,0.7003,0.6918,0.6822,0.7291,0.7247,0.7309,0.686,0.7404,0.7271,0.7346,0.6813,0.734,0.7287,0.7327,0.5669,0.5815,0.6236,0.6109,0.6357,0.6479,0.6857,0.6671,0.638,0.6597,0.7038,0.6795,0.6218,0.6152,0.6582,0.6514
39187,0.507,0.5278,0.5379,0.5267,0.6082,0.6582,0.6776,0.6595,0.6134,0.6683,0.6726,0.6529,0.5776,0.6274,0.6503,0.6257,0.6071,0.5927,0.67,0.6511,0.6387,0.6586,0.7116,0.6853,0.653,0.6613,0.7034,0.6767,0.6584,0.6322,0.6828,0.6453,0.6553,0.6577,0.6796,0.6583,0.6899,0.7271,0.7319,0.7252,0.691,0.7366,0.7316,0.7345,0.6908,0.7263,0.7318,0.7255,0.6343,0.6224,0.6647,0.6472,0.6986,0.694,0.728,0.7047,0.7067,0.711,0.7405,0.7215,0.6843,0.6763,0.713,0.6933
39188,0.4945,0.485,0.4733,0.4878,0.5574,0.6046,0.6196,0.6149,0.5807,0.6338,0.6416,0.6304,0.5226,0.5623,0.5881,0.5797,0.604,0.5933,0.6734,0.6456,0.6386,0.6558,0.7128,0.6866,0.6577,0.6552,0.7065,0.6725,0.6598,0.6296,0.6885,0.6513,0.6701,0.6837,0.6933,0.6848,0.7014,0.7392,0.7498,0.7417,0.7037,0.7505,0.7501,0.7482,0.7085,0.7444,0.753,0.7451,0.587,0.6298,0.6517,0.6469,0.6551,0.691,0.7089,0.699,0.6617,0.6998,0.7214,0.7088,0.6419,0.663,0.686,0.6793
39189,0.5296,0.554,0.5419,0.5579,0.586,0.6313,0.6461,0.6451,0.5992,0.6493,0.6523,0.6443,0.5656,0.6226,0.6324,0.6317,0.6088,0.6455,0.7074,0.6892,0.6333,0.6965,0.7372,0.7193,0.6619,0.705,0.7384,0.7132,0.663,0.6852,0.7311,0.7035,0.655,0.6519,0.6711,0.6568,0.6995,0.7206,0.7389,0.7178,0.7023,0.7316,0.7387,0.7297,0.7055,0.721,0.7354,0.7231,0.5971,0.6216,0.6339,0.6293,0.6581,0.6939,0.7072,0.7037,0.667,0.7118,0.7262,0.7199,0.6522,0.6733,0.6935,0.6915
39190,0.5614,0.5956,0.5991,0.6107,0.623,0.6755,0.6895,0.6895,0.6397,0.6907,0.6946,0.6798,0.6046,0.6719,0.6772,0.6754,0.5592,0.6401,0.7067,0.6913,0.5893,0.6892,0.7237,0.7124,0.6188,0.6933,0.7193,0.6985,0.6191,0.6749,0.7107,0.6864,0.6477,0.6513,0.6633,0.6561,0.6856,0.7182,0.7286,0.7207,0.6925,0.7305,0.7308,0.7324,0.6993,0.7265,0.7344,0.7284,0.5692,0.5507,0.589,0.5824,0.6401,0.6383,0.6663,0.6622,0.6514,0.6658,0.6973,0.6871,0.6265,0.6088,0.6432,0.6402
39191,0.5708,0.6101,0.6393,0.6361,0.6381,0.6843,0.7078,0.6965,0.6579,0.7061,0.7125,0.6982,0.6336,0.6891,0.7094,0.6945,0.5086,0.6233,0.6869,0.675,0.555,0.6702,0.6998,0.6966,0.6027,0.6839,0.7052,0.6885,0.5921,0.6524,0.6876,0.67,0.6337,0.6293,0.6371,0.6369,0.6686,0.7025,0.705,0.7057,0.6815,0.7142,0.7124,0.7231,0.6865,0.7137,0.7203,0.7236,0.5476,0.5052,0.5548,0.5448,0.6161,0.5882,0.6356,0.622,0.6137,0.6164,0.6666,0.6476,0.5882,0.5498,0.5986,0.5879
39192,0.5231,0.5765,0.6009,0.6075,0.5947,0.6377,0.6593,0.664,0.6182,0.6662,0.6687,0.6692,0.614,0.6776,0.6839,0.6897,0.5399,0.6572,0.712,0.7051,0.5823,0.7032,0.7335,0.733,0.6264,0.7256,0.7423,0.7298,0.6273,0.7021,0.7315,0.7185,0.6061,0.5893,0.599,0.5896,0.6824,0.6853,0.7,0.6856,0.6887,0.7055,0.7112,0.7086,0.691,0.6983,0.7118,0.7009,0.5373,0.4948,0.5347,0.52,0.5997,0.5933,0.6263,0.6182,0.6205,0.6222,0.6541,0.6414,0.5886,0.5624,0.595,0.5919
39193,0.5501,0.616,0.6392,0.6386,0.5999,0.6465,0.6719,0.671,0.6147,0.6599,0.6588,0.6522,0.6167,0.6759,0.6899,0.6791,0.5712,0.6479,0.7046,0.691,0.5999,0.7008,0.7254,0.7157,0.6256,0.7039,0.719,0.6988,0.6343,0.6835,0.7137,0.6859,0.6194,0.6093,0.6263,0.6156,0.6783,0.6967,0.7099,0.6975,0.6828,0.709,0.7108,0.7103,0.6889,0.7013,0.7154,0.7052,0.6011,0.6101,0.6345,0.6382,0.6524,0.6831,0.7034,0.7097,0.6722,0.7094,0.7328,0.7295,0.6624,0.6774,0.6978,0.7026
39194,0.5456,0.625,0.644,0.6379,0.5883,0.6473,0.668,0.6669,0.5973,0.6411,0.6398,0.6378,0.6109,0.6705,0.6765,0.6707,0.5712,0.6446,0.689,0.6738,0.5829,0.6906,0.7074,0.7004,0.6125,0.6893,0.7007,0.6805,0.622,0.6717,0.7006,0.6737,0.6158,0.615,0.6285,0.6214,0.6627,0.6977,0.7037,0.6972,0.6687,0.7036,0.7024,0.7047,0.6768,0.7007,0.7074,0.7063,0.6375,0.6563,0.6787,0.688,0.6808,0.7209,0.7374,0.7428,0.6988,0.7423,0.7569,0.7559,0.6896,0.715,0.734,0.7353
39195,0.5348,0.5557,0.5564,0.5709,0.5822,0.6432,0.6531,0.6622,0.5985,0.6594,0.6562,0.6508,0.5642,0.6205,0.6323,0.6366,0.6003,0.6304,0.6932,0.6677,0.623,0.6859,0.7268,0.7062,0.6471,0.6885,0.72,0.6886,0.6512,0.6611,0.7098,0.6729,0.6512,0.6594,0.6781,0.6681,0.6972,0.7397,0.7438,0.7393,0.6972,0.7429,0.7393,0.7402,0.698,0.7371,0.7422,0.7372,0.6034,0.654,0.6732,0.6791,0.6604,0.7063,0.7259,0.7329,0.6757,0.7261,0.7373,0.7396,0.6578,0.6978,0.711,0.7196
39196,0.4893,0.4754,0.456,0.4976,0.5328,0.5829,0.5923,0.6165,0.5667,0.6256,0.6294,0.6302,0.5018,0.5481,0.5613,0.5865,0.607,0.6067,0.6808,0.6445,0.6419,0.6663,0.7203,0.6912,0.6653,0.6647,0.7147,0.6708,0.6627,0.6371,0.6959,0.6494,0.6728,0.6775,0.6924,0.6862,0.7146,0.7502,0.7596,0.7533,0.7165,0.7578,0.7574,0.7561,0.7112,0.7466,0.7568,0.7499,0.5717,0.6306,0.6399,0.6544,0.6263,0.6752,0.6936,0.6968,0.6436,0.6921,0.7063,0.7035,0.6178,0.6587,0.6722,0.6792
39197,0.5281,0.5573,0.5601,0.5717,0.583,0.644,0.6676,0.6606,0.5959,0.6627,0.6668,0.6465,0.5607,0.6199,0.641,0.6384,0.6012,0.6117,0.6707,0.6476,0.6258,0.6759,0.7163,0.6939,0.6472,0.6797,0.7124,0.6793,0.6576,0.6532,0.6953,0.6587,0.6547,0.6498,0.6664,0.6611,0.7084,0.7378,0.7481,0.7408,0.7057,0.7448,0.7464,0.7451,0.7053,0.729,0.7415,0.7326,0.6193,0.6664,0.6844,0.6878,0.6684,0.7145,0.7286,0.7291,0.6778,0.732,0.7386,0.7305,0.6637,0.7031,0.717,0.7149
39198,0.5322,0.5602,0.5769,0.5861,0.5681,0.6224,0.6482,0.647,0.5728,0.6288,0.6349,0.6222,0.5693,0.6225,0.6394,0.6405,0.6208,0.6578,0.7122,0.687,0.6026,0.7166,0.7363,0.7273,0.6184,0.7076,0.7185,0.687,0.6428,0.6988,0.7257,0.6928,0.6683,0.6437,0.671,0.6638,0.7048,0.7243,0.7379,0.7244,0.7016,0.725,0.7292,0.7242,0.7089,0.7166,0.7329,0.7181,0.603,0.6643,0.6764,0.6799,0.6418,0.7089,0.721,0.7251,0.6619,0.7279,0.733,0.722,0.6535,0.6989,0.7113,0.7117
39199,0.4741,0.5077,0.5238,0.5076,0.5819,0.6422,0.6748,0.6485,0.5873,0.6438,0.6591,0.624,0.5548,0.6242,0.6541,0.6276,0.6373,0.6114,0.6669,0.6459,0.6433,0.6923,0.7282,0.7078,0.655,0.6899,0.7138,0.6793,0.6705,0.6652,0.7008,0.6639,0.6349,0.5982,0.6262,0.6174,0.7012,0.7137,0.7295,0.7141,0.7031,0.7183,0.7295,0.7195,0.7087,0.6961,0.7196,0.7033,0.6686,0.6672,0.6902,0.6827,0.7058,0.7207,0.7364,0.7338,0.7113,0.7432,0.7465,0.7318,0.7071,0.7333,0.7436,0.7282
39200,0.4326,0.408,0.4098,0.4218,0.506,0.5515,0.5766,0.5826,0.5382,0.5929,0.612,0.5948,0.4515,0.5,0.535,0.5353,0.6465,0.573,0.6488,0.6049,0.6642,0.6492,0.7073,0.6691,0.6638,0.6329,0.6852,0.6238,0.6711,0.6058,0.6657,0.6102,0.7085,0.677,0.7014,0.6906,0.7171,0.7342,0.7426,0.7364,0.7077,0.7282,0.7288,0.7242,0.7233,0.7259,0.7363,0.729,0.614,0.6559,0.6747,0.6648,0.6657,0.7012,0.7219,0.7046,0.6617,0.7067,0.7118,0.6906,0.6565,0.699,0.7154,0.6955
